번호,제목
0,블랙 팬서: 와칸다 포에버
1,데시벨
2,동감
3,올빼미
4,폴: 600미터
5,자백
6,에브리씽 에브리웨어 올 앳 원스
7,블랙 아담
8,한산 리덕스
9,고속도로 가족
10,인생은 아름다워
11,옆집사람
12,리멤버
13,압꾸정
14,유포자들
15,파이어버드
16,탄생
17,극장판 짱구는 못말려: 수수께끼! 꽃피는 천하떡잎학교
18,심야카페: 미씽 허니
19,양자경의 더 모든 날 모든 순간
20,영웅
21,주연
22,스트레인지 월드
23,아바타: 물의 길
24,놈이 우리 안에 있다
25,아마겟돈 타임
26,공조2: 인터내셔날
27,블로우백
28,"오늘 밤, 세계에서 이 사랑이 사라진다 해도"
29,한산: 용의 출현
30,탑건: 매버릭
31,원피스 필름 레드
32,비상선언
33,헤어질 결심
34,낮과 달
35,본즈 앤 올
36,킹덤2: 아득한 대지로
37,늑대사냥
38,아인보: 아마존의 전설
39,범죄도시2
40,노웨어 스페셜
41,트랜스
42,세이레
43,스마일
44,창밖은 겨울
45,가재가 노래하는 곳
46,"바르도, 약간의 진실을 섞은 거짓된 연대기"
47,맨 온 엣지
48,같은 속옷을 입는 두 여자
49,신비한 동물들과 덤블도어의 비밀
